"label_name","unique_name"
"train_1.jpg","16919,42190"
"train_2.jpg","8461,16918,29905,30040,62291,73926"
"train_3.jpg","76233,85099,93540,105563"
"train_4.jpg","30024,84417"
"train_5.jpg","87400"
"train_6.jpg","61764"
"train_7.jpg","56532"
"train_8.jpg","91059"
"train_9.jpg","19488,54253"
"train_10.jpg","76111"
"train_11.jpg","3307,4928,64075,67879,110674,113020"
"train_12.jpg","106832"
"train_13.jpg","79024"
"train_14.jpg","30397,36665"
"train_15.jpg","14359,29142,60768,71751"
"train_16.jpg","83898,98049"
"train_17.jpg","22861,99476"
"train_18.jpg","4438,43892,48666,48945,60910"
"train_19.jpg","32874,33675,65325,65737,72616,86668,115115"
"train_20.jpg","2944,14105,30909,74244,94774"
"train_21.jpg","15002,28777,36395,43067,69196,91756"
"train_22.jpg","10712,22423,49269,50332,68790,78949,92833,115611"
"train_23.jpg","3252,47583,77938,89536,90179,91915,111254"
"train_24.jpg","46965"
"train_25.jpg","7222,8008,16453,25375,72848"
"train_26.jpg","91828,92982"
"train_27.jpg","105333"
"train_28.jpg","37331,76834,95639"
"train_29.jpg","5327,57563,69233"
"train_30.jpg","5217,14438,73333"
"train_31.jpg","54507,63918,90634,109179"
"train_32.jpg","9359"
"train_33.jpg","31925,113713"
"train_34.jpg","92063"
"train_35.jpg","51225"
"train_36.jpg","65303,76660,80665"
"train_37.jpg","18560,39681,78364"
"train_38.jpg","92821,96429"
"train_39.jpg","17066,23938,45258,112318"
"train_40.jpg","68764"
"train_41.jpg","25736,31818,35036,67099,97919"
"train_42.jpg","3815,11313,17699,38205,48896"
"train_43.jpg","35814"
"train_44.jpg","11062,53258,103412"
"train_45.jpg","35362"
"train_46.jpg","106804"
"train_47.jpg","32798,47645,72088,92495,97476"
"train_48.jpg","4929,51777"
"train_49.jpg","24159,37058,39507,86185"
"train_50.jpg","80064,90214"
"train_51.jpg","30391,34101,79466,85792,106081"
"train_52.jpg","65535,107419"
"train_53.jpg","115103"
"train_54.jpg","84410"
"train_55.jpg","45851,79197,89693,111639"
"train_56.jpg","64327"
"train_57.jpg","92964"
"train_58.jpg","103556"
"train_59.jpg","106056,116255"
"train_60.jpg","90610,115798"
"train_61.jpg","10004"
"train_62.jpg","70749"
"train_63.jpg","97466"
"train_64.jpg","1271,37540"
"train_65.jpg","1058,42116,60508,75414,94399,99686,114351"
"train_66.jpg","17742"
"train_67.jpg","35367,38673"
"train_68.jpg","68739"
"train_69.jpg","6842"
"train_70.jpg","61161"
"train_71.jpg","60031,78920"
"train_72.jpg","85581"
"train_73.jpg","6549,62792"
"train_74.jpg","2096,28819,32583,105438,108140"
"train_75.jpg","14480"
"train_76.jpg","92530"
"train_77.jpg","15462"
"train_78.jpg","35353"
"train_79.jpg","10513,31924,105166,114536"
"train_80.jpg","98354"
"train_81.jpg","6670,8335,13459,29237"
"train_82.jpg","102715"
"train_83.jpg","18666,22194"
"train_84.jpg","69246"
"train_85.jpg","9181"
"train_86.jpg","105872"
"train_87.jpg","25769,54316,93209,103411"
"train_88.jpg","114234"
"train_89.jpg","18475,61514,79237,91330"
"train_90.jpg","1050"
"train_91.jpg","12122,13701,66995,75509,100650"
"train_92.jpg","103551"
"train_93.jpg","110090,112252"
"train_94.jpg","91194"
"train_95.jpg","306,7997,49516,92475,97698,99944"
"train_96.jpg","5846,19717,24080,67675,74452,83360,86792,95106"
"train_97.jpg","51410,73632,93159,93202"
"train_98.jpg","18458,104509"
"train_99.jpg","3145,23495,30585,81050"
"train_100.jpg","1790,68762,103001,103865"
"test_1.jpg","2188,74836"
"test_2.jpg","10241"
"test_3.jpg","39864,74840"
"test_4.jpg","60107"
"test_5.jpg","92049"
"test_6.jpg","19555,23098,63134,83226,90867,91527"
"test_7.jpg","24160"
"test_8.jpg","112122,113487"
"test_9.jpg","19732"
"test_10.jpg","75832,106890,115998"
